dataset,state,year,column,noise_type,proportion
decennial_census,WA,2020,first_name,use_nickname,0.5963223259844036
decennial_census,WA,2030,first_name,use_nickname,0.5585272354461978
decennial_census,WA,2040,first_name,use_nickname,0.5197850929558246
decennial_census,WA,all,first_name,use_nickname,0.5566756675667567
decennial_census,WA,2020,date_of_birth,copy_from_household_member,0.7932030422643689
decennial_census,WA,2030,date_of_birth,copy_from_household_member,0.6309173575822412
decennial_census,WA,2040,date_of_birth,copy_from_household_member,0.5640457103871738
decennial_census,WA,all,date_of_birth,copy_from_household_member,0.6579657965796579
decennial_census,WA,2020,age,copy_from_household_member,0.7932030422643689
decennial_census,WA,2030,age,copy_from_household_member,0.6309173575822412
decennial_census,WA,2040,age,copy_from_household_member,0.5640457103871738
decennial_census,WA,all,age,copy_from_household_member,0.6579657965796579
american_community_survey,WA,2019,first_name,use_nickname,0.6190476190476191
american_community_survey,WA,2020,first_name,use_nickname,0.6142857142857143
american_community_survey,WA,2021,first_name,use_nickname,0.8125
american_community_survey,WA,2022,first_name,use_nickname,0.5294117647058824
american_community_survey,WA,2023,first_name,use_nickname,0.6
american_community_survey,WA,2024,first_name,use_nickname,0.9
american_community_survey,WA,2025,first_name,use_nickname,0.5294117647058824
american_community_survey,WA,2026,first_name,use_nickname,0.6666666666666666
american_community_survey,WA,2027,first_name,use_nickname,0.6666666666666666
american_community_survey,WA,2028,first_name,use_nickname,0.8333333333333334
american_community_survey,WA,2029,first_name,use_nickname,0.8181818181818182
american_community_survey,WA,2030,first_name,use_nickname,0.5333333333333333
american_community_survey,WA,2031,first_name,use_nickname,0.42857142857142855
american_community_survey,WA,2032,first_name,use_nickname,0.4375
american_community_survey,WA,2033,first_name,use_nickname,0.5555555555555556
american_community_survey,WA,2034,first_name,use_nickname,0.391304347826087
american_community_survey,WA,2035,first_name,use_nickname,0.75
american_community_survey,WA,2036,first_name,use_nickname,0.8888888888888888
american_community_survey,WA,2037,first_name,use_nickname,0.375
american_community_survey,WA,2038,first_name,use_nickname,1.0
american_community_survey,WA,2039,first_name,use_nickname,0.45454545454545453
american_community_survey,WA,2040,first_name,use_nickname,0.3333333333333333
american_community_survey,WA,2041,first_name,use_nickname,0.2
american_community_survey,WA,all,first_name,use_nickname,0.6096385542168675
american_community_survey,WA,2019,date_of_birth,copy_from_household_member,0.9523809523809523
american_community_survey,WA,2020,date_of_birth,copy_from_household_member,0.05
american_community_survey,WA,2021,date_of_birth,copy_from_household_member,0.8125
american_community_survey,WA,2022,date_of_birth,copy_from_household_member,0.8823529411764706
american_community_survey,WA,2023,date_of_birth,copy_from_household_member,0.4
american_community_survey,WA,2024,date_of_birth,copy_from_household_member,0.8
american_community_survey,WA,2025,date_of_birth,copy_from_household_member,0.8235294117647058
american_community_survey,WA,2026,date_of_birth,copy_from_household_member,0.6666666666666666
american_community_survey,WA,2027,date_of_birth,copy_from_household_member,0.9583333333333334
american_community_survey,WA,2028,date_of_birth,copy_from_household_member,0.8333333333333334
american_community_survey,WA,2029,date_of_birth,copy_from_household_member,0.7272727272727273
american_community_survey,WA,2030,date_of_birth,copy_from_household_member,0.6
american_community_survey,WA,2031,date_of_birth,copy_from_household_member,0.5714285714285714
american_community_survey,WA,2032,date_of_birth,copy_from_household_member,0.625
american_community_survey,WA,2033,date_of_birth,copy_from_household_member,0.7777777777777778
american_community_survey,WA,2034,date_of_birth,copy_from_household_member,0.8695652173913043
american_community_survey,WA,2035,date_of_birth,copy_from_household_member,0.625
american_community_survey,WA,2036,date_of_birth,copy_from_household_member,0.3333333333333333
american_community_survey,WA,2037,date_of_birth,copy_from_household_member,0.5
american_community_survey,WA,2038,date_of_birth,copy_from_household_member,0.625
american_community_survey,WA,2039,date_of_birth,copy_from_household_member,0.45454545454545453
american_community_survey,WA,2040,date_of_birth,copy_from_household_member,0.5555555555555556
american_community_survey,WA,2041,date_of_birth,copy_from_household_member,0.4
american_community_survey,WA,all,date_of_birth,copy_from_household_member,0.5012048192771085
american_community_survey,WA,2019,age,copy_from_household_member,0.9523809523809523
american_community_survey,WA,2020,age,copy_from_household_member,0.05
american_community_survey,WA,2021,age,copy_from_household_member,0.8125
american_community_survey,WA,2022,age,copy_from_household_member,0.8823529411764706
american_community_survey,WA,2023,age,copy_from_household_member,0.4
american_community_survey,WA,2024,age,copy_from_household_member,0.8
american_community_survey,WA,2025,age,copy_from_household_member,0.8235294117647058
american_community_survey,WA,2026,age,copy_from_household_member,0.6666666666666666
american_community_survey,WA,2027,age,copy_from_household_member,0.9583333333333334
american_community_survey,WA,2028,age,copy_from_household_member,0.8333333333333334
american_community_survey,WA,2029,age,copy_from_household_member,0.7272727272727273
american_community_survey,WA,2030,age,copy_from_household_member,0.6
american_community_survey,WA,2031,age,copy_from_household_member,0.5714285714285714
american_community_survey,WA,2032,age,copy_from_household_member,0.625
american_community_survey,WA,2033,age,copy_from_household_member,0.7777777777777778
american_community_survey,WA,2034,age,copy_from_household_member,0.8695652173913043
american_community_survey,WA,2035,age,copy_from_household_member,0.625
american_community_survey,WA,2036,age,copy_from_household_member,0.3333333333333333
american_community_survey,WA,2037,age,copy_from_household_member,0.5
american_community_survey,WA,2038,age,copy_from_household_member,0.625
american_community_survey,WA,2039,age,copy_from_household_member,0.45454545454545453
american_community_survey,WA,2040,age,copy_from_household_member,0.5555555555555556
american_community_survey,WA,2041,age,copy_from_household_member,0.4
american_community_survey,WA,all,age,copy_from_household_member,0.5012048192771085
current_population_survey,WA,2019,first_name,use_nickname,0.691358024691358
current_population_survey,WA,2020,first_name,use_nickname,0.64
current_population_survey,WA,2021,first_name,use_nickname,0.5698924731182796
current_population_survey,WA,2022,first_name,use_nickname,0.55
current_population_survey,WA,2023,first_name,use_nickname,0.5757575757575758
current_population_survey,WA,2024,first_name,use_nickname,0.5462962962962963
current_population_survey,WA,2025,first_name,use_nickname,0.5
current_population_survey,WA,2026,first_name,use_nickname,0.6292134831460674
current_population_survey,WA,2027,first_name,use_nickname,0.5394736842105263
current_population_survey,WA,2028,first_name,use_nickname,0.5957446808510638
current_population_survey,WA,2029,first_name,use_nickname,0.6039603960396039
current_population_survey,WA,2030,first_name,use_nickname,0.5280898876404494
current_population_survey,WA,2031,first_name,use_nickname,0.5324675324675324
current_population_survey,WA,2032,first_name,use_nickname,0.5603864734299517
current_population_survey,WA,2033,first_name,use_nickname,0.5769230769230769
current_population_survey,WA,2034,first_name,use_nickname,0.5974025974025974
current_population_survey,WA,2035,first_name,use_nickname,0.48484848484848486
current_population_survey,WA,2036,first_name,use_nickname,0.4691358024691358
current_population_survey,WA,2037,first_name,use_nickname,0.5294117647058824
current_population_survey,WA,2038,first_name,use_nickname,0.5079365079365079
current_population_survey,WA,2039,first_name,use_nickname,0.5625
current_population_survey,WA,2040,first_name,use_nickname,0.5128205128205128
current_population_survey,WA,2041,first_name,use_nickname,0.44
current_population_survey,WA,all,first_name,use_nickname,0.5591397849462365
current_population_survey,WA,2019,date_of_birth,copy_from_household_member,0.8271604938271605
current_population_survey,WA,2020,date_of_birth,copy_from_household_member,0.82
current_population_survey,WA,2021,date_of_birth,copy_from_household_member,0.8494623655913979
current_population_survey,WA,2022,date_of_birth,copy_from_household_member,0.75
current_population_survey,WA,2023,date_of_birth,copy_from_household_member,0.696969696969697
current_population_survey,WA,2024,date_of_birth,copy_from_household_member,0.8981481481481481
current_population_survey,WA,2025,date_of_birth,copy_from_household_member,0.8452380952380952
current_population_survey,WA,2026,date_of_birth,copy_from_household_member,0.7415730337078652
current_population_survey,WA,2027,date_of_birth,copy_from_household_member,0.7368421052631579
current_population_survey,WA,2028,date_of_birth,copy_from_household_member,0.8297872340425532
current_population_survey,WA,2029,date_of_birth,copy_from_household_member,0.801980198019802
current_population_survey,WA,2030,date_of_birth,copy_from_household_member,0.8314606741573034
current_population_survey,WA,2031,date_of_birth,copy_from_household_member,0.7272727272727273
current_population_survey,WA,2032,date_of_birth,copy_from_household_member,0.09903381642512077
current_population_survey,WA,2033,date_of_birth,copy_from_household_member,0.5769230769230769
current_population_survey,WA,2034,date_of_birth,copy_from_household_member,0.7012987012987013
current_population_survey,WA,2035,date_of_birth,copy_from_household_member,0.8383838383838383
current_population_survey,WA,2036,date_of_birth,copy_from_household_member,0.7160493827160493
current_population_survey,WA,2037,date_of_birth,copy_from_household_member,0.5735294117647058
current_population_survey,WA,2038,date_of_birth,copy_from_household_member,0.5714285714285714
current_population_survey,WA,2039,date_of_birth,copy_from_household_member,0.6875
current_population_survey,WA,2040,date_of_birth,copy_from_household_member,0.7307692307692307
current_population_survey,WA,2041,date_of_birth,copy_from_household_member,0.64
current_population_survey,WA,all,date_of_birth,copy_from_household_member,0.6339410939691444
current_population_survey,WA,2019,age,copy_from_household_member,0.8271604938271605
current_population_survey,WA,2020,age,copy_from_household_member,0.82
current_population_survey,WA,2021,age,copy_from_household_member,0.8494623655913979
current_population_survey,WA,2022,age,copy_from_household_member,0.75
current_population_survey,WA,2023,age,copy_from_household_member,0.696969696969697
current_population_survey,WA,2024,age,copy_from_household_member,0.8981481481481481
current_population_survey,WA,2025,age,copy_from_household_member,0.8452380952380952
current_population_survey,WA,2026,age,copy_from_household_member,0.7415730337078652
current_population_survey,WA,2027,age,copy_from_household_member,0.7368421052631579
current_population_survey,WA,2028,age,copy_from_household_member,0.8297872340425532
current_population_survey,WA,2029,age,copy_from_household_member,0.801980198019802
current_population_survey,WA,2030,age,copy_from_household_member,0.8314606741573034
current_population_survey,WA,2031,age,copy_from_household_member,0.7272727272727273
current_population_survey,WA,2032,age,copy_from_household_member,0.09903381642512077
current_population_survey,WA,2033,age,copy_from_household_member,0.5769230769230769
current_population_survey,WA,2034,age,copy_from_household_member,0.7012987012987013
current_population_survey,WA,2035,age,copy_from_household_member,0.8383838383838383
current_population_survey,WA,2036,age,copy_from_household_member,0.7160493827160493
current_population_survey,WA,2037,age,copy_from_household_member,0.5735294117647058
current_population_survey,WA,2038,age,copy_from_household_member,0.5714285714285714
current_population_survey,WA,2039,age,copy_from_household_member,0.6875
current_population_survey,WA,2040,age,copy_from_household_member,0.7307692307692307
current_population_survey,WA,2041,age,copy_from_household_member,0.64
current_population_survey,WA,all,age,copy_from_household_member,0.6339410939691444
women_infants_and_children,WA,2019,first_name,use_nickname,0.3860759493670886
women_infants_and_children,WA,2020,first_name,use_nickname,0.40425531914893614
women_infants_and_children,WA,2021,first_name,use_nickname,0.42063492063492064
women_infants_and_children,WA,2022,first_name,use_nickname,0.36585365853658536
women_infants_and_children,WA,2023,first_name,use_nickname,0.42657342657342656
women_infants_and_children,WA,2024,first_name,use_nickname,0.42142857142857143
women_infants_and_children,WA,2025,first_name,use_nickname,0.42657342657342656
women_infants_and_children,WA,2026,first_name,use_nickname,0.43884892086330934
women_infants_and_children,WA,2027,first_name,use_nickname,0.39705882352941174
women_infants_and_children,WA,2028,first_name,use_nickname,0.3181818181818182
women_infants_and_children,WA,2029,first_name,use_nickname,0.3007518796992481
women_infants_and_children,WA,2030,first_name,use_nickname,0.30434782608695654
women_infants_and_children,WA,2031,first_name,use_nickname,0.3492063492063492
women_infants_and_children,WA,2032,first_name,use_nickname,0.3790322580645161
women_infants_and_children,WA,2033,first_name,use_nickname,0.4016393442622951
women_infants_and_children,WA,2034,first_name,use_nickname,0.3709677419354839
women_infants_and_children,WA,2035,first_name,use_nickname,0.4263565891472868
women_infants_and_children,WA,2036,first_name,use_nickname,0.3203125
women_infants_and_children,WA,2037,first_name,use_nickname,0.35
women_infants_and_children,WA,2038,first_name,use_nickname,0.45454545454545453
women_infants_and_children,WA,2039,first_name,use_nickname,0.37398373983739835
women_infants_and_children,WA,2040,first_name,use_nickname,0.291970802919708
women_infants_and_children,WA,2041,first_name,use_nickname,0.328125
women_infants_and_children,WA,all,first_name,use_nickname,0.37777777777777777
women_infants_and_children,WA,2019,date_of_birth,copy_from_household_member,1.0
women_infants_and_children,WA,2020,date_of_birth,copy_from_household_member,0.9929078014184397
women_infants_and_children,WA,2021,date_of_birth,copy_from_household_member,0.9761904761904762
women_infants_and_children,WA,2022,date_of_birth,copy_from_household_member,0.9695121951219512
women_infants_and_children,WA,2023,date_of_birth,copy_from_household_member,0.951048951048951
women_infants_and_children,WA,2024,date_of_birth,copy_from_household_member,0.9642857142857143
women_infants_and_children,WA,2025,date_of_birth,copy_from_household_member,0.958041958041958
women_infants_and_children,WA,2026,date_of_birth,copy_from_household_member,0.9928057553956835
women_infants_and_children,WA,2027,date_of_birth,copy_from_household_member,0.9705882352941176
women_infants_and_children,WA,2028,date_of_birth,copy_from_household_member,0.9848484848484849
women_infants_and_children,WA,2029,date_of_birth,copy_from_household_member,0.9849624060150376
women_infants_and_children,WA,2030,date_of_birth,copy_from_household_member,0.9826086956521739
women_infants_and_children,WA,2031,date_of_birth,copy_from_household_member,0.9761904761904762
women_infants_and_children,WA,2032,date_of_birth,copy_from_household_member,0.9435483870967742
women_infants_and_children,WA,2033,date_of_birth,copy_from_household_member,0.9754098360655737
women_infants_and_children,WA,2034,date_of_birth,copy_from_household_member,0.9758064516129032
women_infants_and_children,WA,2035,date_of_birth,copy_from_household_member,0.9224806201550387
women_infants_and_children,WA,2036,date_of_birth,copy_from_household_member,0.9609375
women_infants_and_children,WA,2037,date_of_birth,copy_from_household_member,0.9428571428571428
women_infants_and_children,WA,2038,date_of_birth,copy_from_household_member,0.987012987012987
women_infants_and_children,WA,2039,date_of_birth,copy_from_household_member,0.959349593495935
women_infants_and_children,WA,2040,date_of_birth,copy_from_household_member,0.9927007299270073
women_infants_and_children,WA,2041,date_of_birth,copy_from_household_member,0.9453125
women_infants_and_children,WA,all,date_of_birth,copy_from_household_member,0.9703703703703703
social_security,USA,1919,ssn,copy_from_household_member,0.0
social_security,USA,1921,ssn,copy_from_household_member,0.0
social_security,USA,1922,ssn,copy_from_household_member,0.2
social_security,USA,1923,ssn,copy_from_household_member,0.35714285714285715
social_security,USA,1924,ssn,copy_from_household_member,0.3076923076923077
social_security,USA,1925,ssn,copy_from_household_member,0.47058823529411764
social_security,USA,1926,ssn,copy_from_household_member,0.25
social_security,USA,1927,ssn,copy_from_household_member,0.0
social_security,USA,1928,ssn,copy_from_household_member,0.23529411764705882
social_security,USA,1929,ssn,copy_from_household_member,0.3684210526315789
social_security,USA,1930,ssn,copy_from_household_member,0.4666666666666667
social_security,USA,1931,ssn,copy_from_household_member,0.2857142857142857
social_security,USA,1932,ssn,copy_from_household_member,0.3
social_security,USA,1933,ssn,copy_from_household_member,0.3877551020408163
social_security,USA,1934,ssn,copy_from_household_member,0.46875
social_security,USA,1935,ssn,copy_from_household_member,0.2765957446808511
social_security,USA,1936,ssn,copy_from_household_member,0.34782608695652173
social_security,USA,1937,ssn,copy_from_household_member,0.3333333333333333
social_security,USA,1938,ssn,copy_from_household_member,0.4423076923076923
social_security,USA,1939,ssn,copy_from_household_member,0.3918918918918919
social_security,USA,1940,ssn,copy_from_household_member,0.373134328358209
social_security,USA,1941,ssn,copy_from_household_member,0.41975308641975306
social_security,USA,1942,ssn,copy_from_household_member,0.42574257425742573
social_security,USA,1943,ssn,copy_from_household_member,0.5434782608695652
social_security,USA,1944,ssn,copy_from_household_member,0.39285714285714285
social_security,USA,1945,ssn,copy_from_household_member,0.48695652173913045
social_security,USA,1946,ssn,copy_from_household_member,0.42857142857142855
social_security,USA,1947,ssn,copy_from_household_member,0.5714285714285714
social_security,USA,1948,ssn,copy_from_household_member,0.472
social_security,USA,1949,ssn,copy_from_household_member,0.47183098591549294
social_security,USA,1950,ssn,copy_from_household_member,0.4857142857142857
social_security,USA,1951,ssn,copy_from_household_member,0.5540540540540541
social_security,USA,1952,ssn,copy_from_household_member,0.4014084507042254
social_security,USA,1953,ssn,copy_from_household_member,0.45255474452554745
social_security,USA,1954,ssn,copy_from_household_member,0.5225806451612903
social_security,USA,1955,ssn,copy_from_household_member,0.43448275862068964
social_security,USA,1956,ssn,copy_from_household_member,0.5081967213114754
social_security,USA,1957,ssn,copy_from_household_member,0.5227272727272727
social_security,USA,1958,ssn,copy_from_household_member,0.5153061224489796
social_security,USA,1959,ssn,copy_from_household_member,0.453416149068323
social_security,USA,1960,ssn,copy_from_household_member,0.51875
social_security,USA,1961,ssn,copy_from_household_member,0.5337078651685393
social_security,USA,1962,ssn,copy_from_household_member,0.5223880597014925
social_security,USA,1963,ssn,copy_from_household_member,0.5047619047619047
social_security,USA,1964,ssn,copy_from_household_member,0.5284974093264249
social_security,USA,1965,ssn,copy_from_household_member,0.5959595959595959
social_security,USA,1966,ssn,copy_from_household_member,0.6089108910891089
social_security,USA,1967,ssn,copy_from_household_member,0.5647668393782384
social_security,USA,1968,ssn,copy_from_household_member,0.5432692307692307
social_security,USA,1969,ssn,copy_from_household_member,0.5469613259668509
social_security,USA,1970,ssn,copy_from_household_member,0.5527638190954773
social_security,USA,1971,ssn,copy_from_household_member,0.5873015873015873
social_security,USA,1972,ssn,copy_from_household_member,0.5781990521327014
social_security,USA,1973,ssn,copy_from_household_member,0.6195652173913043
social_security,USA,1974,ssn,copy_from_household_member,0.5445544554455446
social_security,USA,1975,ssn,copy_from_household_member,0.5279187817258884
social_security,USA,1976,ssn,copy_from_household_member,0.5260416666666666
social_security,USA,1977,ssn,copy_from_household_member,0.5692307692307692
social_security,USA,1978,ssn,copy_from_household_member,0.5722222222222222
social_security,USA,1979,ssn,copy_from_household_member,0.5631067961165048
social_security,USA,1980,ssn,copy_from_household_member,0.586046511627907
social_security,USA,1981,ssn,copy_from_household_member,0.5720930232558139
social_security,USA,1982,ssn,copy_from_household_member,0.6376146788990825
social_security,USA,1983,ssn,copy_from_household_member,0.5
social_security,USA,1984,ssn,copy_from_household_member,0.5909090909090909
social_security,USA,1985,ssn,copy_from_household_member,0.5418502202643172
social_security,USA,1986,ssn,copy_from_household_member,0.5922330097087378
social_security,USA,1987,ssn,copy_from_household_member,0.5577889447236181
social_security,USA,1988,ssn,copy_from_household_member,0.6009615384615384
social_security,USA,1989,ssn,copy_from_household_member,0.56
social_security,USA,1990,ssn,copy_from_household_member,0.5695067264573991
social_security,USA,1991,ssn,copy_from_household_member,0.6439024390243903
social_security,USA,1992,ssn,copy_from_household_member,0.5904761904761905
social_security,USA,1993,ssn,copy_from_household_member,0.6179245283018868
social_security,USA,1994,ssn,copy_from_household_member,0.6124401913875598
social_security,USA,1995,ssn,copy_from_household_member,0.587378640776699
social_security,USA,1996,ssn,copy_from_household_member,0.6053811659192825
social_security,USA,1997,ssn,copy_from_household_member,0.6055045871559633
social_security,USA,1998,ssn,copy_from_household_member,0.5757575757575758
social_security,USA,1999,ssn,copy_from_household_member,0.5847457627118644
social_security,USA,2000,ssn,copy_from_household_member,0.582995951417004
social_security,USA,2001,ssn,copy_from_household_member,0.6147186147186147
social_security,USA,2002,ssn,copy_from_household_member,0.5945017182130584
social_security,USA,2003,ssn,copy_from_household_member,0.5433070866141733
social_security,USA,2004,ssn,copy_from_household_member,0.6278195488721805
social_security,USA,2005,ssn,copy_from_household_member,0.6245059288537549
social_security,USA,2006,ssn,copy_from_household_member,0.6614785992217899
social_security,USA,2007,ssn,copy_from_household_member,0.6586345381526104
social_security,USA,2008,ssn,copy_from_household_member,0.5901639344262295
social_security,USA,2009,ssn,copy_from_household_member,0.592274678111588
social_security,USA,2010,ssn,copy_from_household_member,0.5586854460093896
social_security,USA,2011,ssn,copy_from_household_member,0.6605504587155964
social_security,USA,2012,ssn,copy_from_household_member,0.6147540983606558
social_security,USA,2013,ssn,copy_from_household_member,0.6046511627906976
social_security,USA,2014,ssn,copy_from_household_member,0.5906735751295337
social_security,USA,2015,ssn,copy_from_household_member,0.6381909547738693
social_security,USA,2016,ssn,copy_from_household_member,0.645
social_security,USA,2017,ssn,copy_from_household_member,0.6237623762376238
social_security,USA,2018,ssn,copy_from_household_member,0.5927835051546392
social_security,USA,2019,ssn,copy_from_household_member,0.554089709762533
social_security,USA,2020,ssn,copy_from_household_member,0.5674157303370787
social_security,USA,2021,ssn,copy_from_household_member,0.5494791666666666
social_security,USA,2022,ssn,copy_from_household_member,0.6342857142857142
social_security,USA,2023,ssn,copy_from_household_member,0.6533333333333333
social_security,USA,2024,ssn,copy_from_household_member,0.6419753086419753
social_security,USA,2025,ssn,copy_from_household_member,0.6942148760330579
social_security,USA,2026,ssn,copy_from_household_member,0.6741573033707865
social_security,USA,2027,ssn,copy_from_household_member,0.644808743169399
social_security,USA,2028,ssn,copy_from_household_member,0.6421319796954315
social_security,USA,2029,ssn,copy_from_household_member,0.6351706036745407
social_security,USA,2030,ssn,copy_from_household_member,0.6508379888268156
social_security,USA,2031,ssn,copy_from_household_member,0.6354166666666666
social_security,USA,2032,ssn,copy_from_household_member,0.6830601092896175
social_security,USA,2033,ssn,copy_from_household_member,0.6441102756892231
social_security,USA,2034,ssn,copy_from_household_member,0.6609336609336609
social_security,USA,2035,ssn,copy_from_household_member,0.6047120418848168
social_security,USA,2036,ssn,copy_from_household_member,0.5869565217391305
social_security,USA,2037,ssn,copy_from_household_member,0.6862745098039216
social_security,USA,2038,ssn,copy_from_household_member,0.6391184573002755
social_security,USA,2039,ssn,copy_from_household_member,0.5703703703703704
social_security,USA,2040,ssn,copy_from_household_member,0.6055555555555555
social_security,USA,2041,ssn,copy_from_household_member,0.5970149253731343
social_security,USA,all,ssn,copy_from_household_member,0.5840528816360256
social_security,USA,1919,first_name,use_nickname,1.0
social_security,USA,1921,first_name,use_nickname,1.0
social_security,USA,1922,first_name,use_nickname,0.5
social_security,USA,1923,first_name,use_nickname,0.6428571428571429
social_security,USA,1924,first_name,use_nickname,0.6153846153846154
social_security,USA,1925,first_name,use_nickname,0.5882352941176471
social_security,USA,1926,first_name,use_nickname,0.75
social_security,USA,1927,first_name,use_nickname,0.6
social_security,USA,1928,first_name,use_nickname,0.7647058823529411
social_security,USA,1929,first_name,use_nickname,0.631578947368421
social_security,USA,1930,first_name,use_nickname,0.6666666666666666
social_security,USA,1931,first_name,use_nickname,0.6571428571428571
social_security,USA,1932,first_name,use_nickname,0.7333333333333333
social_security,USA,1933,first_name,use_nickname,0.6530612244897959
social_security,USA,1934,first_name,use_nickname,0.75
social_security,USA,1935,first_name,use_nickname,0.6170212765957447
social_security,USA,1936,first_name,use_nickname,0.6739130434782609
social_security,USA,1937,first_name,use_nickname,0.7111111111111111
social_security,USA,1938,first_name,use_nickname,0.8269230769230769
social_security,USA,1939,first_name,use_nickname,0.7837837837837838
social_security,USA,1940,first_name,use_nickname,0.7014925373134329
social_security,USA,1941,first_name,use_nickname,0.7283950617283951
social_security,USA,1942,first_name,use_nickname,0.801980198019802
social_security,USA,1943,first_name,use_nickname,0.7608695652173914
social_security,USA,1944,first_name,use_nickname,0.7321428571428571
social_security,USA,1945,first_name,use_nickname,0.7217391304347827
social_security,USA,1946,first_name,use_nickname,0.6938775510204082
social_security,USA,1947,first_name,use_nickname,0.7380952380952381
social_security,USA,1948,first_name,use_nickname,0.752
social_security,USA,1949,first_name,use_nickname,0.7535211267605634
social_security,USA,1950,first_name,use_nickname,0.7071428571428572
social_security,USA,1951,first_name,use_nickname,0.7702702702702703
social_security,USA,1952,first_name,use_nickname,0.7605633802816901
social_security,USA,1953,first_name,use_nickname,0.6423357664233577
social_security,USA,1954,first_name,use_nickname,0.6774193548387096
social_security,USA,1955,first_name,use_nickname,0.7586206896551724
social_security,USA,1956,first_name,use_nickname,0.7377049180327869
social_security,USA,1957,first_name,use_nickname,0.7443181818181818
social_security,USA,1958,first_name,use_nickname,0.7551020408163265
social_security,USA,1959,first_name,use_nickname,0.6459627329192547
social_security,USA,1960,first_name,use_nickname,0.58125
social_security,USA,1961,first_name,use_nickname,0.6797752808988764
social_security,USA,1962,first_name,use_nickname,0.6766169154228856
social_security,USA,1963,first_name,use_nickname,0.6904761904761905
social_security,USA,1964,first_name,use_nickname,0.6476683937823834
social_security,USA,1965,first_name,use_nickname,0.6262626262626263
social_security,USA,1966,first_name,use_nickname,0.6485148514851485
social_security,USA,1967,first_name,use_nickname,0.7150259067357513
social_security,USA,1968,first_name,use_nickname,0.6153846153846154
social_security,USA,1969,first_name,use_nickname,0.6243093922651933
social_security,USA,1970,first_name,use_nickname,0.6482412060301508
social_security,USA,1971,first_name,use_nickname,0.6243386243386243
social_security,USA,1972,first_name,use_nickname,0.5876777251184834
social_security,USA,1973,first_name,use_nickname,0.5706521739130435
social_security,USA,1974,first_name,use_nickname,0.594059405940594
social_security,USA,1975,first_name,use_nickname,0.5989847715736041
social_security,USA,1976,first_name,use_nickname,0.6145833333333334
social_security,USA,1977,first_name,use_nickname,0.6820512820512821
social_security,USA,1978,first_name,use_nickname,0.6
social_security,USA,1979,first_name,use_nickname,0.6262135922330098
social_security,USA,1980,first_name,use_nickname,0.6325581395348837
social_security,USA,1981,first_name,use_nickname,0.6558139534883721
social_security,USA,1982,first_name,use_nickname,0.6697247706422018
social_security,USA,1983,first_name,use_nickname,0.6153846153846154
social_security,USA,1984,first_name,use_nickname,0.6136363636363636
social_security,USA,1985,first_name,use_nickname,0.5991189427312775
social_security,USA,1986,first_name,use_nickname,0.6407766990291263
social_security,USA,1987,first_name,use_nickname,0.5979899497487438
social_security,USA,1988,first_name,use_nickname,0.6201923076923077
social_security,USA,1989,first_name,use_nickname,0.6
social_security,USA,1990,first_name,use_nickname,0.6188340807174888
social_security,USA,1991,first_name,use_nickname,0.5804878048780487
social_security,USA,1992,first_name,use_nickname,0.6
social_security,USA,1993,first_name,use_nickname,0.5566037735849056
social_security,USA,1994,first_name,use_nickname,0.5933014354066986
social_security,USA,1995,first_name,use_nickname,0.5728155339805825
social_security,USA,1996,first_name,use_nickname,0.5336322869955157
social_security,USA,1997,first_name,use_nickname,0.5688073394495413
social_security,USA,1998,first_name,use_nickname,0.5411255411255411
social_security,USA,1999,first_name,use_nickname,0.5
social_security,USA,2000,first_name,use_nickname,0.5141700404858299
social_security,USA,2001,first_name,use_nickname,0.5670995670995671
social_security,USA,2002,first_name,use_nickname,0.5189003436426117
social_security,USA,2003,first_name,use_nickname,0.484251968503937
social_security,USA,2004,first_name,use_nickname,0.47368421052631576
social_security,USA,2005,first_name,use_nickname,0.4624505928853755
social_security,USA,2006,first_name,use_nickname,0.4280155642023346
social_security,USA,2007,first_name,use_nickname,0.42570281124497994
social_security,USA,2008,first_name,use_nickname,0.4344262295081967
social_security,USA,2009,first_name,use_nickname,0.45493562231759654
social_security,USA,2010,first_name,use_nickname,0.4225352112676056
social_security,USA,2011,first_name,use_nickname,0.41284403669724773
social_security,USA,2012,first_name,use_nickname,0.38114754098360654
social_security,USA,2013,first_name,use_nickname,0.4325581395348837
social_security,USA,2014,first_name,use_nickname,0.45077720207253885
social_security,USA,2015,first_name,use_nickname,0.3969849246231156
social_security,USA,2016,first_name,use_nickname,0.405
social_security,USA,2017,first_name,use_nickname,0.3613861386138614
social_security,USA,2018,first_name,use_nickname,0.3402061855670103
social_security,USA,2019,first_name,use_nickname,0.503957783641161
social_security,USA,2020,first_name,use_nickname,0.5140449438202247
social_security,USA,2021,first_name,use_nickname,0.5416666666666666
social_security,USA,2022,first_name,use_nickname,0.5314285714285715
social_security,USA,2023,first_name,use_nickname,0.49866666666666665
social_security,USA,2024,first_name,use_nickname,0.5160493827160494
social_security,USA,2025,first_name,use_nickname,0.509641873278237
social_security,USA,2026,first_name,use_nickname,0.5168539325842697
social_security,USA,2027,first_name,use_nickname,0.5273224043715847
social_security,USA,2028,first_name,use_nickname,0.5076142131979695
social_security,USA,2029,first_name,use_nickname,0.48293963254593175
social_security,USA,2030,first_name,use_nickname,0.5391061452513967
social_security,USA,2031,first_name,use_nickname,0.4713541666666667
social_security,USA,2032,first_name,use_nickname,0.5109289617486339
social_security,USA,2033,first_name,use_nickname,0.5087719298245614
social_security,USA,2034,first_name,use_nickname,0.5110565110565111
social_security,USA,2035,first_name,use_nickname,0.518324607329843
social_security,USA,2036,first_name,use_nickname,0.48641304347826086
social_security,USA,2037,first_name,use_nickname,0.5343137254901961
social_security,USA,2038,first_name,use_nickname,0.5344352617079889
social_security,USA,2039,first_name,use_nickname,0.528395061728395
social_security,USA,2040,first_name,use_nickname,0.5722222222222222
social_security,USA,2041,first_name,use_nickname,0.5522388059701493
social_security,USA,all,first_name,use_nickname,0.563437306341665
social_security,USA,1919,date_of_birth,copy_from_household_member,0.0
social_security,USA,1921,date_of_birth,copy_from_household_member,0.0
social_security,USA,1922,date_of_birth,copy_from_household_member,0.2
social_security,USA,1923,date_of_birth,copy_from_household_member,0.35714285714285715
social_security,USA,1924,date_of_birth,copy_from_household_member,0.3076923076923077
social_security,USA,1925,date_of_birth,copy_from_household_member,0.47058823529411764
social_security,USA,1926,date_of_birth,copy_from_household_member,0.25
social_security,USA,1927,date_of_birth,copy_from_household_member,0.0
social_security,USA,1928,date_of_birth,copy_from_household_member,0.23529411764705882
social_security,USA,1929,date_of_birth,copy_from_household_member,0.3684210526315789
social_security,USA,1930,date_of_birth,copy_from_household_member,0.4666666666666667
social_security,USA,1931,date_of_birth,copy_from_household_member,0.2857142857142857
social_security,USA,1932,date_of_birth,copy_from_household_member,0.3
social_security,USA,1933,date_of_birth,copy_from_household_member,0.3877551020408163
social_security,USA,1934,date_of_birth,copy_from_household_member,0.46875
social_security,USA,1935,date_of_birth,copy_from_household_member,0.2765957446808511
social_security,USA,1936,date_of_birth,copy_from_household_member,0.34782608695652173
social_security,USA,1937,date_of_birth,copy_from_household_member,0.3333333333333333
social_security,USA,1938,date_of_birth,copy_from_household_member,0.4423076923076923
social_security,USA,1939,date_of_birth,copy_from_household_member,0.3918918918918919
social_security,USA,1940,date_of_birth,copy_from_household_member,0.373134328358209
social_security,USA,1941,date_of_birth,copy_from_household_member,0.41975308641975306
social_security,USA,1942,date_of_birth,copy_from_household_member,0.42574257425742573
social_security,USA,1943,date_of_birth,copy_from_household_member,0.5434782608695652
social_security,USA,1944,date_of_birth,copy_from_household_member,0.39285714285714285
social_security,USA,1945,date_of_birth,copy_from_household_member,0.48695652173913045
social_security,USA,1946,date_of_birth,copy_from_household_member,0.42857142857142855
social_security,USA,1947,date_of_birth,copy_from_household_member,0.5714285714285714
social_security,USA,1948,date_of_birth,copy_from_household_member,0.472
social_security,USA,1949,date_of_birth,copy_from_household_member,0.47183098591549294
social_security,USA,1950,date_of_birth,copy_from_household_member,0.4857142857142857
social_security,USA,1951,date_of_birth,copy_from_household_member,0.5540540540540541
social_security,USA,1952,date_of_birth,copy_from_household_member,0.4014084507042254
social_security,USA,1953,date_of_birth,copy_from_household_member,0.45255474452554745
social_security,USA,1954,date_of_birth,copy_from_household_member,0.5225806451612903
social_security,USA,1955,date_of_birth,copy_from_household_member,0.43448275862068964
social_security,USA,1956,date_of_birth,copy_from_household_member,0.5081967213114754
social_security,USA,1957,date_of_birth,copy_from_household_member,0.5227272727272727
social_security,USA,1958,date_of_birth,copy_from_household_member,0.5153061224489796
social_security,USA,1959,date_of_birth,copy_from_household_member,0.453416149068323
social_security,USA,1960,date_of_birth,copy_from_household_member,0.51875
social_security,USA,1961,date_of_birth,copy_from_household_member,0.5337078651685393
social_security,USA,1962,date_of_birth,copy_from_household_member,0.5223880597014925
social_security,USA,1963,date_of_birth,copy_from_household_member,0.5047619047619047
social_security,USA,1964,date_of_birth,copy_from_household_member,0.5284974093264249
social_security,USA,1965,date_of_birth,copy_from_household_member,0.5959595959595959
social_security,USA,1966,date_of_birth,copy_from_household_member,0.6089108910891089
social_security,USA,1967,date_of_birth,copy_from_household_member,0.5647668393782384
social_security,USA,1968,date_of_birth,copy_from_household_member,0.5432692307692307
social_security,USA,1969,date_of_birth,copy_from_household_member,0.5469613259668509
social_security,USA,1970,date_of_birth,copy_from_household_member,0.5527638190954773
social_security,USA,1971,date_of_birth,copy_from_household_member,0.5873015873015873
social_security,USA,1972,date_of_birth,copy_from_household_member,0.5781990521327014
social_security,USA,1973,date_of_birth,copy_from_household_member,0.6195652173913043
social_security,USA,1974,date_of_birth,copy_from_household_member,0.5445544554455446
social_security,USA,1975,date_of_birth,copy_from_household_member,0.5279187817258884
social_security,USA,1976,date_of_birth,copy_from_household_member,0.5260416666666666
social_security,USA,1977,date_of_birth,copy_from_household_member,0.5692307692307692
social_security,USA,1978,date_of_birth,copy_from_household_member,0.5722222222222222
social_security,USA,1979,date_of_birth,copy_from_household_member,0.5631067961165048
social_security,USA,1980,date_of_birth,copy_from_household_member,0.586046511627907
social_security,USA,1981,date_of_birth,copy_from_household_member,0.5720930232558139
social_security,USA,1982,date_of_birth,copy_from_household_member,0.6376146788990825
social_security,USA,1983,date_of_birth,copy_from_household_member,0.5
social_security,USA,1984,date_of_birth,copy_from_household_member,0.5909090909090909
social_security,USA,1985,date_of_birth,copy_from_household_member,0.5418502202643172
social_security,USA,1986,date_of_birth,copy_from_household_member,0.5922330097087378
social_security,USA,1987,date_of_birth,copy_from_household_member,0.5577889447236181
social_security,USA,1988,date_of_birth,copy_from_household_member,0.6009615384615384
social_security,USA,1989,date_of_birth,copy_from_household_member,0.56
social_security,USA,1990,date_of_birth,copy_from_household_member,0.5695067264573991
social_security,USA,1991,date_of_birth,copy_from_household_member,0.6439024390243903
social_security,USA,1992,date_of_birth,copy_from_household_member,0.5904761904761905
social_security,USA,1993,date_of_birth,copy_from_household_member,0.6179245283018868
social_security,USA,1994,date_of_birth,copy_from_household_member,0.6124401913875598
social_security,USA,1995,date_of_birth,copy_from_household_member,0.587378640776699
social_security,USA,1996,date_of_birth,copy_from_household_member,0.6053811659192825
social_security,USA,1997,date_of_birth,copy_from_household_member,0.6055045871559633
social_security,USA,1998,date_of_birth,copy_from_household_member,0.5757575757575758
social_security,USA,1999,date_of_birth,copy_from_household_member,0.5847457627118644
social_security,USA,2000,date_of_birth,copy_from_household_member,0.582995951417004
social_security,USA,2001,date_of_birth,copy_from_household_member,0.6147186147186147
social_security,USA,2002,date_of_birth,copy_from_household_member,0.5945017182130584
social_security,USA,2003,date_of_birth,copy_from_household_member,0.5433070866141733
social_security,USA,2004,date_of_birth,copy_from_household_member,0.6278195488721805
social_security,USA,2005,date_of_birth,copy_from_household_member,0.6245059288537549
social_security,USA,2006,date_of_birth,copy_from_household_member,0.6614785992217899
social_security,USA,2007,date_of_birth,copy_from_household_member,0.6586345381526104
social_security,USA,2008,date_of_birth,copy_from_household_member,0.5901639344262295
social_security,USA,2009,date_of_birth,copy_from_household_member,0.592274678111588
social_security,USA,2010,date_of_birth,copy_from_household_member,0.5586854460093896
social_security,USA,2011,date_of_birth,copy_from_household_member,0.6605504587155964
social_security,USA,2012,date_of_birth,copy_from_household_member,0.6147540983606558
social_security,USA,2013,date_of_birth,copy_from_household_member,0.6046511627906976
social_security,USA,2014,date_of_birth,copy_from_household_member,0.5906735751295337
social_security,USA,2015,date_of_birth,copy_from_household_member,0.6381909547738693
social_security,USA,2016,date_of_birth,copy_from_household_member,0.645
social_security,USA,2017,date_of_birth,copy_from_household_member,0.6237623762376238
social_security,USA,2018,date_of_birth,copy_from_household_member,0.5927835051546392
social_security,USA,2019,date_of_birth,copy_from_household_member,0.554089709762533
social_security,USA,2020,date_of_birth,copy_from_household_member,0.5674157303370787
social_security,USA,2021,date_of_birth,copy_from_household_member,0.5494791666666666
social_security,USA,2022,date_of_birth,copy_from_household_member,0.6342857142857142
social_security,USA,2023,date_of_birth,copy_from_household_member,0.6533333333333333
social_security,USA,2024,date_of_birth,copy_from_household_member,0.6419753086419753
social_security,USA,2025,date_of_birth,copy_from_household_member,0.6942148760330579
social_security,USA,2026,date_of_birth,copy_from_household_member,0.6741573033707865
social_security,USA,2027,date_of_birth,copy_from_household_member,0.644808743169399
social_security,USA,2028,date_of_birth,copy_from_household_member,0.6421319796954315
social_security,USA,2029,date_of_birth,copy_from_household_member,0.6351706036745407
social_security,USA,2030,date_of_birth,copy_from_household_member,0.6508379888268156
social_security,USA,2031,date_of_birth,copy_from_household_member,0.6354166666666666
social_security,USA,2032,date_of_birth,copy_from_household_member,0.6830601092896175
social_security,USA,2033,date_of_birth,copy_from_household_member,0.6441102756892231
social_security,USA,2034,date_of_birth,copy_from_household_member,0.6609336609336609
social_security,USA,2035,date_of_birth,copy_from_household_member,0.6047120418848168
social_security,USA,2036,date_of_birth,copy_from_household_member,0.5869565217391305
social_security,USA,2037,date_of_birth,copy_from_household_member,0.6862745098039216
social_security,USA,2038,date_of_birth,copy_from_household_member,0.6391184573002755
social_security,USA,2039,date_of_birth,copy_from_household_member,0.5703703703703704
social_security,USA,2040,date_of_birth,copy_from_household_member,0.6055555555555555
social_security,USA,2041,date_of_birth,copy_from_household_member,0.5970149253731343
social_security,USA,all,date_of_birth,copy_from_household_member,0.5840528816360256
social_security,USA,1919,middle_name,use_nickname,1.0
social_security,USA,1921,middle_name,use_nickname,1.0
social_security,USA,1922,middle_name,use_nickname,0.7
social_security,USA,1923,middle_name,use_nickname,0.7142857142857143
social_security,USA,1924,middle_name,use_nickname,0.5384615384615384
social_security,USA,1925,middle_name,use_nickname,0.5882352941176471
social_security,USA,1926,middle_name,use_nickname,0.75
social_security,USA,1927,middle_name,use_nickname,0.8
social_security,USA,1928,middle_name,use_nickname,0.8235294117647058
social_security,USA,1929,middle_name,use_nickname,0.6842105263157895
social_security,USA,1930,middle_name,use_nickname,0.7333333333333333
social_security,USA,1931,middle_name,use_nickname,0.7142857142857143
social_security,USA,1932,middle_name,use_nickname,0.5666666666666667
social_security,USA,1933,middle_name,use_nickname,0.7551020408163265
social_security,USA,1934,middle_name,use_nickname,0.65625
social_security,USA,1935,middle_name,use_nickname,0.7659574468085106
social_security,USA,1936,middle_name,use_nickname,0.8260869565217391
social_security,USA,1937,middle_name,use_nickname,0.9111111111111111
social_security,USA,1938,middle_name,use_nickname,0.8076923076923077
social_security,USA,1939,middle_name,use_nickname,0.7837837837837838
social_security,USA,1940,middle_name,use_nickname,0.8507462686567164
social_security,USA,1941,middle_name,use_nickname,0.7654320987654321
social_security,USA,1942,middle_name,use_nickname,0.8217821782178217
social_security,USA,1943,middle_name,use_nickname,0.7391304347826086
social_security,USA,1944,middle_name,use_nickname,0.7678571428571429
social_security,USA,1945,middle_name,use_nickname,0.8347826086956521
social_security,USA,1946,middle_name,use_nickname,0.7551020408163265
social_security,USA,1947,middle_name,use_nickname,0.7936507936507936
social_security,USA,1948,middle_name,use_nickname,0.76
social_security,USA,1949,middle_name,use_nickname,0.823943661971831
social_security,USA,1950,middle_name,use_nickname,0.7071428571428572
social_security,USA,1951,middle_name,use_nickname,0.7364864864864865
social_security,USA,1952,middle_name,use_nickname,0.7464788732394366
social_security,USA,1953,middle_name,use_nickname,0.7591240875912408
social_security,USA,1954,middle_name,use_nickname,0.6516129032258065
social_security,USA,1955,middle_name,use_nickname,0.7103448275862069
social_security,USA,1956,middle_name,use_nickname,0.7158469945355191
social_security,USA,1957,middle_name,use_nickname,0.7329545454545454
social_security,USA,1958,middle_name,use_nickname,0.673469387755102
social_security,USA,1959,middle_name,use_nickname,0.6521739130434783
social_security,USA,1960,middle_name,use_nickname,0.64375
social_security,USA,1961,middle_name,use_nickname,0.7078651685393258
social_security,USA,1962,middle_name,use_nickname,0.6517412935323383
social_security,USA,1963,middle_name,use_nickname,0.6571428571428571
social_security,USA,1964,middle_name,use_nickname,0.6113989637305699
social_security,USA,1965,middle_name,use_nickname,0.702020202020202
social_security,USA,1966,middle_name,use_nickname,0.6782178217821783
social_security,USA,1967,middle_name,use_nickname,0.7461139896373057
social_security,USA,1968,middle_name,use_nickname,0.6634615384615384
social_security,USA,1969,middle_name,use_nickname,0.6629834254143646
social_security,USA,1970,middle_name,use_nickname,0.6683417085427136
social_security,USA,1971,middle_name,use_nickname,0.656084656084656
social_security,USA,1972,middle_name,use_nickname,0.6161137440758294
social_security,USA,1973,middle_name,use_nickname,0.6467391304347826
social_security,USA,1974,middle_name,use_nickname,0.5792079207920792
social_security,USA,1975,middle_name,use_nickname,0.6294416243654822
social_security,USA,1976,middle_name,use_nickname,0.640625
social_security,USA,1977,middle_name,use_nickname,0.6205128205128205
social_security,USA,1978,middle_name,use_nickname,0.6222222222222222
social_security,USA,1979,middle_name,use_nickname,0.587378640776699
social_security,USA,1980,middle_name,use_nickname,0.5767441860465117
social_security,USA,1981,middle_name,use_nickname,0.6558139534883721
social_security,USA,1982,middle_name,use_nickname,0.6605504587155964
social_security,USA,1983,middle_name,use_nickname,0.6394230769230769
social_security,USA,1984,middle_name,use_nickname,0.6454545454545455
social_security,USA,1985,middle_name,use_nickname,0.6607929515418502
social_security,USA,1986,middle_name,use_nickname,0.6844660194174758
social_security,USA,1987,middle_name,use_nickname,0.6532663316582915
social_security,USA,1988,middle_name,use_nickname,0.6730769230769231
social_security,USA,1989,middle_name,use_nickname,0.695
social_security,USA,1990,middle_name,use_nickname,0.695067264573991
social_security,USA,1991,middle_name,use_nickname,0.6585365853658537
social_security,USA,1992,middle_name,use_nickname,0.5571428571428572
social_security,USA,1993,middle_name,use_nickname,0.5566037735849056
social_security,USA,1994,middle_name,use_nickname,0.5454545454545454
social_security,USA,1995,middle_name,use_nickname,0.5
social_security,USA,1996,middle_name,use_nickname,0.5336322869955157
social_security,USA,1997,middle_name,use_nickname,0.5458715596330275
social_security,USA,1998,middle_name,use_nickname,0.5584415584415584
social_security,USA,1999,middle_name,use_nickname,0.5127118644067796
social_security,USA,2000,middle_name,use_nickname,0.4939271255060729
social_security,USA,2001,middle_name,use_nickname,0.5194805194805194
social_security,USA,2002,middle_name,use_nickname,0.4879725085910653
social_security,USA,2003,middle_name,use_nickname,0.5078740157480315
social_security,USA,2004,middle_name,use_nickname,0.4699248120300752
social_security,USA,2005,middle_name,use_nickname,0.48616600790513836
social_security,USA,2006,middle_name,use_nickname,0.44357976653696496
social_security,USA,2007,middle_name,use_nickname,0.4497991967871486
social_security,USA,2008,middle_name,use_nickname,0.38934426229508196
social_security,USA,2009,middle_name,use_nickname,0.4334763948497854
social_security,USA,2010,middle_name,use_nickname,0.3568075117370892
social_security,USA,2011,middle_name,use_nickname,0.3853211009174312
social_security,USA,2012,middle_name,use_nickname,0.35655737704918034
social_security,USA,2013,middle_name,use_nickname,0.35348837209302325
social_security,USA,2014,middle_name,use_nickname,0.37305699481865284
social_security,USA,2015,middle_name,use_nickname,0.35678391959798994
social_security,USA,2016,middle_name,use_nickname,0.375
social_security,USA,2017,middle_name,use_nickname,0.3415841584158416
social_security,USA,2018,middle_name,use_nickname,0.36597938144329895
social_security,USA,2019,middle_name,use_nickname,0.46965699208443273
social_security,USA,2020,middle_name,use_nickname,0.47752808988764045
social_security,USA,2021,middle_name,use_nickname,0.4921875
social_security,USA,2022,middle_name,use_nickname,0.5142857142857142
social_security,USA,2023,middle_name,use_nickname,0.52
social_security,USA,2024,middle_name,use_nickname,0.5111111111111111
social_security,USA,2025,middle_name,use_nickname,0.5013774104683195
social_security,USA,2026,middle_name,use_nickname,0.5280898876404494
social_security,USA,2027,middle_name,use_nickname,0.5491803278688525
social_security,USA,2028,middle_name,use_nickname,0.5025380710659898
social_security,USA,2029,middle_name,use_nickname,0.49606299212598426
social_security,USA,2030,middle_name,use_nickname,0.5195530726256983
social_security,USA,2031,middle_name,use_nickname,0.4947916666666667
social_security,USA,2032,middle_name,use_nickname,0.5355191256830601
social_security,USA,2033,middle_name,use_nickname,0.49373433583959897
social_security,USA,2034,middle_name,use_nickname,0.5135135135135135
social_security,USA,2035,middle_name,use_nickname,0.5471204188481675
social_security,USA,2036,middle_name,use_nickname,0.532608695652174
social_security,USA,2037,middle_name,use_nickname,0.5563725490196079
social_security,USA,2038,middle_name,use_nickname,0.5619834710743802
social_security,USA,2039,middle_name,use_nickname,0.5333333333333333
social_security,USA,2040,middle_name,use_nickname,0.5472222222222223
social_security,USA,2041,middle_name,use_nickname,0.6343283582089553
social_security,USA,all,middle_name,use_nickname,0.5682710183846312
taxes_w2_and_1099,WA,2019,first_name,use_nickname,0.639189731247493
taxes_w2_and_1099,WA,2020,first_name,use_nickname,0.6362815884476535
taxes_w2_and_1099,WA,2021,first_name,use_nickname,0.6355222135619641
taxes_w2_and_1099,WA,2022,first_name,use_nickname,0.6345447515948193
taxes_w2_and_1099,WA,2023,first_name,use_nickname,0.6262626262626263
taxes_w2_and_1099,WA,2024,first_name,use_nickname,0.6310643792658182
taxes_w2_and_1099,WA,2025,first_name,use_nickname,0.617440882325451
taxes_w2_and_1099,WA,2026,first_name,use_nickname,0.6127627343306192
taxes_w2_and_1099,WA,2027,first_name,use_nickname,0.6121756670028422
taxes_w2_and_1099,WA,2028,first_name,use_nickname,0.6078485687903971
taxes_w2_and_1099,WA,2029,first_name,use_nickname,0.6041055718475073
taxes_w2_and_1099,WA,2030,first_name,use_nickname,0.5981780463606025
taxes_w2_and_1099,WA,2031,first_name,use_nickname,0.5937781785392245
taxes_w2_and_1099,WA,2032,first_name,use_nickname,0.5931579419951513
taxes_w2_and_1099,WA,2033,first_name,use_nickname,0.5864915239194106
taxes_w2_and_1099,WA,2034,first_name,use_nickname,0.5850161727423726
taxes_w2_and_1099,WA,2035,first_name,use_nickname,0.5744940683879972
taxes_w2_and_1099,WA,2036,first_name,use_nickname,0.5764084507042253
taxes_w2_and_1099,WA,2037,first_name,use_nickname,0.5731600210785175
taxes_w2_and_1099,WA,2038,first_name,use_nickname,0.5726308407118436
taxes_w2_and_1099,WA,2039,first_name,use_nickname,0.5593190746398953
taxes_w2_and_1099,WA,2040,first_name,use_nickname,0.5533298190124758
taxes_w2_and_1099,WA,all,first_name,use_nickname,0.6000382738493925
taxes_w2_and_1099,WA,2019,ssn,copy_from_household_member,0.7216205375050141
taxes_w2_and_1099,WA,2020,ssn,copy_from_household_member,0.7011632571199358
taxes_w2_and_1099,WA,2021,ssn,copy_from_household_member,0.6861847233047544
taxes_w2_and_1099,WA,2022,ssn,copy_from_household_member,0.6808428378117146
taxes_w2_and_1099,WA,2023,ssn,copy_from_household_member,0.6563768526385348
taxes_w2_and_1099,WA,2024,ssn,copy_from_household_member,0.6458218040951854
taxes_w2_and_1099,WA,2025,ssn,copy_from_household_member,0.6228619497149266
taxes_w2_and_1099,WA,2026,ssn,copy_from_household_member,0.6142775989395948
taxes_w2_and_1099,WA,2027,ssn,copy_from_household_member,0.6051159805629412
taxes_w2_and_1099,WA,2028,ssn,copy_from_household_member,0.598522622345337
taxes_w2_and_1099,WA,2029,ssn,copy_from_household_member,0.593291788856305
taxes_w2_and_1099,WA,2030,ssn,copy_from_household_member,0.5774330296743935
taxes_w2_and_1099,WA,2031,ssn,copy_from_household_member,0.5750225428313797
taxes_w2_and_1099,WA,2032,ssn,copy_from_household_member,0.5664002873305198
taxes_w2_and_1099,WA,2033,ssn,copy_from_household_member,0.5643028312771812
taxes_w2_and_1099,WA,2034,ssn,copy_from_household_member,0.5633359559402046
taxes_w2_and_1099,WA,2035,ssn,copy_from_household_member,0.5547801814375436
taxes_w2_and_1099,WA,2036,ssn,copy_from_household_member,0.5487676056338028
taxes_w2_and_1099,WA,2037,ssn,copy_from_household_member,0.5492710346038995
taxes_w2_and_1099,WA,2038,ssn,copy_from_household_member,0.5386166389059349
taxes_w2_and_1099,WA,2039,ssn,copy_from_household_member,0.5369707551287647
taxes_w2_and_1099,WA,2040,ssn,copy_from_household_member,0.5354946406606923
taxes_w2_and_1099,WA,all,ssn,copy_from_household_member,0.5993393600778789
taxes_w2_and_1099,WA,2019,date_of_birth,copy_from_household_member,0.7435820296831127
taxes_w2_and_1099,WA,2020,date_of_birth,copy_from_household_member,0.722723626153229
taxes_w2_and_1099,WA,2021,date_of_birth,copy_from_household_member,0.7068394388152767
taxes_w2_and_1099,WA,2022,date_of_birth,copy_from_household_member,0.6992074231587087
taxes_w2_and_1099,WA,2023,date_of_birth,copy_from_household_member,0.6762012649863117
taxes_w2_and_1099,WA,2024,date_of_birth,copy_from_household_member,0.6640841173215274
taxes_w2_and_1099,WA,2025,date_of_birth,copy_from_household_member,0.6443592859145715
taxes_w2_and_1099,WA,2026,date_of_birth,copy_from_household_member,0.6335921227040333
taxes_w2_and_1099,WA,2027,date_of_birth,copy_from_household_member,0.6218025121481617
taxes_w2_and_1099,WA,2028,date_of_birth,copy_from_household_member,0.6173591874422899
taxes_w2_and_1099,WA,2029,date_of_birth,copy_from_household_member,0.6099706744868035
taxes_w2_and_1099,WA,2030,date_of_birth,copy_from_household_member,0.5956525660683684
taxes_w2_and_1099,WA,2031,date_of_birth,copy_from_household_member,0.5946798917944094
taxes_w2_and_1099,WA,2032,date_of_birth,copy_from_household_member,0.585615515848074
taxes_w2_and_1099,WA,2033,date_of_birth,copy_from_household_member,0.5834738617200674
taxes_w2_and_1099,WA,2034,date_of_birth,copy_from_household_member,0.5813445231226506
taxes_w2_and_1099,WA,2035,date_of_birth,copy_from_household_member,0.571877180739707
taxes_w2_and_1099,WA,2036,date_of_birth,copy_from_household_member,0.5669894366197183
taxes_w2_and_1099,WA,2037,date_of_birth,copy_from_household_member,0.5686808361145266
taxes_w2_and_1099,WA,2038,date_of_birth,copy_from_household_member,0.5562373980888928
taxes_w2_and_1099,WA,2039,date_of_birth,copy_from_household_member,0.5543430816237451
taxes_w2_and_1099,WA,2040,date_of_birth,copy_from_household_member,0.5525390968195396
taxes_w2_and_1099,WA,all,date_of_birth,copy_from_household_member,0.6181434686924072
taxes_w2_and_1099,WA,2019,age,copy_from_household_member,0.7435820296831127
taxes_w2_and_1099,WA,2020,age,copy_from_household_member,0.722723626153229
taxes_w2_and_1099,WA,2021,age,copy_from_household_member,0.7068394388152767
taxes_w2_and_1099,WA,2022,age,copy_from_household_member,0.6992074231587087
taxes_w2_and_1099,WA,2023,age,copy_from_household_member,0.6762012649863117
taxes_w2_and_1099,WA,2024,age,copy_from_household_member,0.6640841173215274
taxes_w2_and_1099,WA,2025,age,copy_from_household_member,0.6443592859145715
taxes_w2_and_1099,WA,2026,age,copy_from_household_member,0.6335921227040333
taxes_w2_and_1099,WA,2027,age,copy_from_household_member,0.6218025121481617
taxes_w2_and_1099,WA,2028,age,copy_from_household_member,0.6173591874422899
taxes_w2_and_1099,WA,2029,age,copy_from_household_member,0.6099706744868035
taxes_w2_and_1099,WA,2030,age,copy_from_household_member,0.5956525660683684
taxes_w2_and_1099,WA,2031,age,copy_from_household_member,0.5946798917944094
taxes_w2_and_1099,WA,2032,age,copy_from_household_member,0.585615515848074
taxes_w2_and_1099,WA,2033,age,copy_from_household_member,0.5834738617200674
taxes_w2_and_1099,WA,2034,age,copy_from_household_member,0.5813445231226506
taxes_w2_and_1099,WA,2035,age,copy_from_household_member,0.571877180739707
taxes_w2_and_1099,WA,2036,age,copy_from_household_member,0.5669894366197183
taxes_w2_and_1099,WA,2037,age,copy_from_household_member,0.5686808361145266
taxes_w2_and_1099,WA,2038,age,copy_from_household_member,0.5562373980888928
taxes_w2_and_1099,WA,2039,age,copy_from_household_member,0.5543430816237451
taxes_w2_and_1099,WA,2040,age,copy_from_household_member,0.5525390968195396
taxes_w2_and_1099,WA,all,age,copy_from_household_member,0.6181434686924072
taxes_1040,WA,2018,first_name,use_nickname,0.5984524201514653
taxes_1040,WA,2019,first_name,use_nickname,0.58144
taxes_1040,WA,2020,first_name,use_nickname,0.5857625038355324
taxes_1040,WA,2021,first_name,use_nickname,0.5776663224664405
taxes_1040,WA,2022,first_name,use_nickname,0.5814090307398146
taxes_1040,WA,2023,first_name,use_nickname,0.578387458006719
taxes_1040,WA,2024,first_name,use_nickname,0.5778295423403672
taxes_1040,WA,2025,first_name,use_nickname,0.5740173217854764
taxes_1040,WA,2026,first_name,use_nickname,0.583496796129201
taxes_1040,WA,2027,first_name,use_nickname,0.580289193302892
taxes_1040,WA,2028,first_name,use_nickname,0.5665665665665666
taxes_1040,WA,2029,first_name,use_nickname,0.5632183908045977
taxes_1040,WA,2030,first_name,use_nickname,0.5657973801225814
taxes_1040,WA,2031,first_name,use_nickname,0.5667060212514758
taxes_1040,WA,2032,first_name,use_nickname,0.5605937608720862
taxes_1040,WA,2033,first_name,use_nickname,0.557543576128362
taxes_1040,WA,2034,first_name,use_nickname,0.5594312375027771
taxes_1040,WA,2035,first_name,use_nickname,0.558963282937365
taxes_1040,WA,2036,first_name,use_nickname,0.5588841853902095
taxes_1040,WA,2037,first_name,use_nickname,0.5602199428994395
taxes_1040,WA,2038,first_name,use_nickname,0.5503996678085747
taxes_1040,WA,2039,first_name,use_nickname,0.5484953233021553
taxes_1040,WA,2040,first_name,use_nickname,0.5429928261089219
taxes_1040,WA,all,first_name,use_nickname,0.5668559101933933
taxes_1040,WA,2018,date_of_birth,copy_from_household_member,0.6559104379321699
taxes_1040,WA,2019,date_of_birth,copy_from_household_member,0.64816
taxes_1040,WA,2020,date_of_birth,copy_from_household_member,0.6282602025161093
taxes_1040,WA,2021,date_of_birth,copy_from_household_member,0.6241333530019176
taxes_1040,WA,2022,date_of_birth,copy_from_household_member,0.6115605236064127
taxes_1040,WA,2023,date_of_birth,copy_from_household_member,0.5852463605823068
taxes_1040,WA,2024,date_of_birth,copy_from_household_member,0.589065497396547
taxes_1040,WA,2025,date_of_birth,copy_from_household_member,0.5570952698201199
taxes_1040,WA,2026,date_of_birth,copy_from_household_member,0.5463580489080685
taxes_1040,WA,2027,date_of_birth,copy_from_household_member,0.5429984779299848
taxes_1040,WA,2028,date_of_birth,copy_from_household_member,0.535035035035035
taxes_1040,WA,2029,date_of_birth,copy_from_household_member,0.5220615498702261
taxes_1040,WA,2030,date_of_birth,copy_from_household_member,0.5127989424348035
taxes_1040,WA,2031,date_of_birth,copy_from_household_member,0.5014167650531287
taxes_1040,WA,2032,date_of_birth,copy_from_household_member,0.4985503884958831
taxes_1040,WA,2033,date_of_birth,copy_from_household_member,0.4929008426642041
taxes_1040,WA,2034,date_of_birth,copy_from_household_member,0.4882248389246834
taxes_1040,WA,2035,date_of_birth,copy_from_household_member,0.4869330453563715
taxes_1040,WA,2036,date_of_birth,copy_from_household_member,0.48344730272441117
taxes_1040,WA,2037,date_of_birth,copy_from_household_member,0.47668393782383417
taxes_1040,WA,2038,date_of_birth,copy_from_household_member,0.4679746704038202
taxes_1040,WA,2039,date_of_birth,copy_from_household_member,0.469804798698658
taxes_1040,WA,2040,date_of_birth,copy_from_household_member,0.4672122865514802
taxes_1040,WA,all,date_of_birth,copy_from_household_member,0.5303880744381722
taxes_1040,WA,2018,age,copy_from_household_member,0.6559104379321699
taxes_1040,WA,2019,age,copy_from_household_member,0.64816
taxes_1040,WA,2020,age,copy_from_household_member,0.6282602025161093
taxes_1040,WA,2021,age,copy_from_household_member,0.6241333530019176
taxes_1040,WA,2022,age,copy_from_household_member,0.6115605236064127
taxes_1040,WA,2023,age,copy_from_household_member,0.5852463605823068
taxes_1040,WA,2024,age,copy_from_household_member,0.589065497396547
taxes_1040,WA,2025,age,copy_from_household_member,0.5570952698201199
taxes_1040,WA,2026,age,copy_from_household_member,0.5463580489080685
taxes_1040,WA,2027,age,copy_from_household_member,0.5429984779299848
taxes_1040,WA,2028,age,copy_from_household_member,0.535035035035035
taxes_1040,WA,2029,age,copy_from_household_member,0.5220615498702261
taxes_1040,WA,2030,age,copy_from_household_member,0.5127989424348035
taxes_1040,WA,2031,age,copy_from_household_member,0.5014167650531287
taxes_1040,WA,2032,age,copy_from_household_member,0.4985503884958831
taxes_1040,WA,2033,age,copy_from_household_member,0.4929008426642041
taxes_1040,WA,2034,age,copy_from_household_member,0.4882248389246834
taxes_1040,WA,2035,age,copy_from_household_member,0.4869330453563715
taxes_1040,WA,2036,age,copy_from_household_member,0.48344730272441117
taxes_1040,WA,2037,age,copy_from_household_member,0.47668393782383417
taxes_1040,WA,2038,age,copy_from_household_member,0.4679746704038202
taxes_1040,WA,2039,age,copy_from_household_member,0.469804798698658
taxes_1040,WA,2040,age,copy_from_household_member,0.4672122865514802
taxes_1040,WA,all,age,copy_from_household_member,0.5303880744381722
taxes_1040,WA,2018,ssn,copy_from_household_member,0.635001646361541
taxes_1040,WA,2019,ssn,copy_from_household_member,0.6296
taxes_1040,WA,2020,ssn,copy_from_household_member,0.6073949064130101
taxes_1040,WA,2021,ssn,copy_from_household_member,0.6052515120224222
taxes_1040,WA,2022,ssn,copy_from_household_member,0.5908221797323135
taxes_1040,WA,2023,ssn,copy_from_household_member,0.5660694288913773
taxes_1040,WA,2024,ssn,copy_from_household_member,0.5712523979172376
taxes_1040,WA,2025,ssn,copy_from_household_member,0.5400399733510992
taxes_1040,WA,2026,ssn,copy_from_household_member,0.5232117170132078
taxes_1040,WA,2027,ssn,copy_from_household_member,0.5240994419076611
taxes_1040,WA,2028,ssn,copy_from_household_member,0.5168918918918919
taxes_1040,WA,2029,ssn,copy_from_household_member,0.5053763440860215
taxes_1040,WA,2030,ssn,copy_from_household_member,0.4927292392741257
taxes_1040,WA,2031,ssn,copy_from_household_member,0.48288075560802834
taxes_1040,WA,2032,ssn,copy_from_household_member,0.47756001391627045
taxes_1040,WA,2033,ssn,copy_from_household_member,0.4757012582246335
taxes_1040,WA,2034,ssn,copy_from_household_member,0.4717840479893357
taxes_1040,WA,2035,ssn,copy_from_household_member,0.467170626349892
taxes_1040,WA,2036,ssn,copy_from_household_member,0.46445240421144035
taxes_1040,WA,2037,ssn,copy_from_household_member,0.4564872581156815
taxes_1040,WA,2038,ssn,copy_from_household_member,0.4484584241669262
taxes_1040,WA,2039,ssn,copy_from_household_member,0.44875965839772264
taxes_1040,WA,2040,ssn,copy_from_household_member,0.44528645043952714
taxes_1040,WA,all,ssn,copy_from_household_member,0.5110058168237137
taxes_1040,WA,2018,spouse_first_name,use_nickname,0.07820217319723412
taxes_1040,WA,2019,spouse_first_name,use_nickname,0.07136
taxes_1040,WA,2020,spouse_first_name,use_nickname,0.06274930960417306
taxes_1040,WA,2021,spouse_first_name,use_nickname,0.05472783596400649
taxes_1040,WA,2022,spouse_first_name,use_nickname,0.050595675834681574
taxes_1040,WA,2023,spouse_first_name,use_nickname,0.048712206047032476
taxes_1040,WA,2024,spouse_first_name,use_nickname,0.0449438202247191
taxes_1040,WA,2025,spouse_first_name,use_nickname,0.03704197201865423
taxes_1040,WA,2026,spouse_first_name,use_nickname,0.035307963907414676
taxes_1040,WA,2027,spouse_first_name,use_nickname,0.03183663115169964
taxes_1040,WA,2028,spouse_first_name,use_nickname,0.028153153153153154
taxes_1040,WA,2029,spouse_first_name,use_nickname,0.02817945865776789
taxes_1040,WA,2030,spouse_first_name,use_nickname,0.025958418459319794
taxes_1040,WA,2031,spouse_first_name,use_nickname,0.022786304604486423
taxes_1040,WA,2032,spouse_first_name,use_nickname,0.021802157021918126
taxes_1040,WA,2033,spouse_first_name,use_nickname,0.020893454923236753
taxes_1040,WA,2034,spouse_first_name,use_nickname,0.021550766496334146
taxes_1040,WA,2035,spouse_first_name,use_nickname,0.015550755939524838
taxes_1040,WA,2036,spouse_first_name,use_nickname,0.018018018018018018
taxes_1040,WA,2037,spouse_first_name,use_nickname,0.015861266786507348
taxes_1040,WA,2038,spouse_first_name,use_nickname,0.015882902522578637
taxes_1040,WA,2039,spouse_first_name,use_nickname,0.012708418056120375
taxes_1040,WA,2040,spouse_first_name,use_nickname,0.013842578559159342
taxes_1040,WA,all,spouse_first_name,use_nickname,0.031230547983429564
taxes_1040,WA,2018,spouse_last_name,use_nickname,0.00675008231807705
taxes_1040,WA,2019,spouse_last_name,use_nickname,0.00816
taxes_1040,WA,2020,spouse_last_name,use_nickname,0.005676587910401964
taxes_1040,WA,2021,spouse_last_name,use_nickname,0.0038353739489600234
taxes_1040,WA,2022,spouse_last_name,use_nickname,0.004412413590233858
taxes_1040,WA,2023,spouse_last_name,use_nickname,0.004899216125419933
taxes_1040,WA,2024,spouse_last_name,use_nickname,0.004932858317347218
taxes_1040,WA,2025,spouse_last_name,use_nickname,0.003730846102598268
taxes_1040,WA,2026,spouse_last_name,use_nickname,0.0036615666274355954
taxes_1040,WA,2027,spouse_last_name,use_nickname,0.0027904616945712835
taxes_1040,WA,2028,spouse_last_name,use_nickname,0.0035035035035035035
taxes_1040,WA,2029,spouse_last_name,use_nickname,0.002842664689160796
taxes_1040,WA,2030,spouse_last_name,use_nickname,0.0034851580338901575
taxes_1040,WA,2031,spouse_last_name,use_nickname,0.002833530106257379
taxes_1040,WA,2032,spouse_last_name,use_nickname,0.002203409486257683
taxes_1040,WA,2033,spouse_last_name,use_nickname,0.0018469352418330831
taxes_1040,WA,2034,spouse_last_name,use_nickname,0.0016662963785825371
taxes_1040,WA,2035,spouse_last_name,use_nickname,0.00183585313174946
taxes_1040,WA,2036,spouse_last_name,use_nickname,0.0016281341582546401
taxes_1040,WA,2037,spouse_last_name,use_nickname,0.0010574177857671566
taxes_1040,WA,2038,spouse_last_name,use_nickname,0.0015571473061351605
taxes_1040,WA,2039,spouse_last_name,use_nickname,0.0012200081333875558
taxes_1040,WA,2040,spouse_last_name,use_nickname,0.0012124886329190664
taxes_1040,WA,all,spouse_last_name,use_nickname,0.003053295842366224
taxes_1040,WA,2018,spouse_ssn,copy_from_household_member,0.1121172209417188
taxes_1040,WA,2019,spouse_ssn,copy_from_household_member,0.10224
taxes_1040,WA,2020,spouse_ssn,copy_from_household_member,0.09082540656643143
taxes_1040,WA,2021,spouse_ssn,copy_from_household_member,0.0823130255199882
taxes_1040,WA,2022,spouse_ssn,copy_from_household_member,0.07501103103397558
taxes_1040,WA,2023,spouse_ssn,copy_from_household_member,0.06732922732362821
taxes_1040,WA,2024,spouse_ssn,copy_from_household_member,0.0623458481775829
taxes_1040,WA,2025,spouse_ssn,copy_from_household_member,0.05223184543637575
taxes_1040,WA,2026,spouse_ssn,copy_from_household_member,0.049300379233686416
taxes_1040,WA,2027,spouse_ssn,copy_from_household_member,0.04515474378488077
taxes_1040,WA,2028,spouse_ssn,copy_from_household_member,0.03991491491491492
taxes_1040,WA,2029,spouse_ssn,copy_from_household_member,0.041156840934371525
taxes_1040,WA,2030,spouse_ssn,copy_from_household_member,0.037375315466891
taxes_1040,WA,2031,spouse_ssn,copy_from_household_member,0.03164108618654073
taxes_1040,WA,2032,spouse_ssn,copy_from_household_member,0.03084773280760756
taxes_1040,WA,2033,spouse_ssn,copy_from_household_member,0.02862749624841279
taxes_1040,WA,2034,spouse_ssn,copy_from_household_member,0.02810486558542546
taxes_1040,WA,2035,spouse_ssn,copy_from_household_member,0.023218142548596114
taxes_1040,WA,2036,spouse_ssn,copy_from_household_member,0.025290350591555412
taxes_1040,WA,2037,spouse_ssn,copy_from_household_member,0.02220577350111029
taxes_1040,WA,2038,spouse_ssn,copy_from_household_member,0.023045780130800372
taxes_1040,WA,2039,spouse_ssn,copy_from_household_member,0.01870679137860919
taxes_1040,WA,2040,spouse_ssn,copy_from_household_member,0.018995655249065373
taxes_1040,WA,all,spouse_ssn,copy_from_household_member,0.04449011569254545
taxes_1040,WA,2018,dependent_1_first_name,use_nickname,0.0
taxes_1040,WA,2019,dependent_1_first_name,use_nickname,0.072
taxes_1040,WA,2020,dependent_1_first_name,use_nickname,0.07164774470696533
taxes_1040,WA,2021,dependent_1_first_name,use_nickname,0.07154447558636967
taxes_1040,WA,2022,dependent_1_first_name,use_nickname,0.07089277834975732
taxes_1040,WA,2023,dependent_1_first_name,use_nickname,0.06704927211646136
taxes_1040,WA,2024,dependent_1_first_name,use_nickname,0.07015620718004933
taxes_1040,WA,2025,dependent_1_first_name,use_nickname,0.06382411725516322
taxes_1040,WA,2026,dependent_1_first_name,use_nickname,0.06146201124624036
taxes_1040,WA,2027,dependent_1_first_name,use_nickname,0.05961440892947742
taxes_1040,WA,2028,dependent_1_first_name,use_nickname,0.059559559559559556
taxes_1040,WA,2029,dependent_1_first_name,use_nickname,0.05883079965393647
taxes_1040,WA,2030,dependent_1_first_name,use_nickname,0.058406441533469536
taxes_1040,WA,2031,dependent_1_first_name,use_nickname,0.05430932703659976
taxes_1040,WA,2032,dependent_1_first_name,use_nickname,0.05149020062623217
taxes_1040,WA,2033,dependent_1_first_name,use_nickname,0.051021586055638925
taxes_1040,WA,2034,dependent_1_first_name,use_nickname,0.04865585425461009
taxes_1040,WA,2035,dependent_1_first_name,use_nickname,0.04730021598272138
taxes_1040,WA,2036,dependent_1_first_name,use_nickname,0.04634755237164876
taxes_1040,WA,2037,dependent_1_first_name,use_nickname,0.04504599767368087
taxes_1040,WA,2038,dependent_1_first_name,use_nickname,0.04308107546973944
taxes_1040,WA,2039,dependent_1_first_name,use_nickname,0.0461569743798292
taxes_1040,WA,2040,dependent_1_first_name,use_nickname,0.04455895725977569
taxes_1040,WA,all,dependent_1_first_name,use_nickname,0.05428856597050806
taxes_1040,WA,2018,dependent_2_first_name,use_nickname,0.0
taxes_1040,WA,2019,dependent_2_first_name,use_nickname,0.03888
taxes_1040,WA,2020,dependent_2_first_name,use_nickname,0.03912243019331083
taxes_1040,WA,2021,dependent_2_first_name,use_nickname,0.037026110045729456
taxes_1040,WA,2022,dependent_2_first_name,use_nickname,0.03338726283276953
taxes_1040,WA,2023,dependent_2_first_name,use_nickname,0.02855543113101904
taxes_1040,WA,2024,dependent_2_first_name,use_nickname,0.028637983009043574
taxes_1040,WA,2025,dependent_2_first_name,use_nickname,0.027448367754830113
taxes_1040,WA,2026,dependent_2_first_name,use_nickname,0.02314633189486073
taxes_1040,WA,2027,dependent_2_first_name,use_nickname,0.020040588533739218
taxes_1040,WA,2028,dependent_2_first_name,use_nickname,0.01876876876876877
taxes_1040,WA,2029,dependent_2_first_name,use_nickname,0.01804474107032505
taxes_1040,WA,2030,dependent_2_first_name,use_nickname,0.01754596803268838
taxes_1040,WA,2031,dependent_2_first_name,use_nickname,0.016174734356552537
taxes_1040,WA,2032,dependent_2_first_name,use_nickname,0.014959990722486374
taxes_1040,WA,2033,dependent_2_first_name,use_nickname,0.014890915387279234
taxes_1040,WA,2034,dependent_2_first_name,use_nickname,0.013885803154854477
taxes_1040,WA,2035,dependent_2_first_name,use_nickname,0.012203023758099353
taxes_1040,WA,2036,dependent_2_first_name,use_nickname,0.012048192771084338
taxes_1040,WA,2037,dependent_2_first_name,use_nickname,0.013852172993549752
taxes_1040,WA,2038,dependent_2_first_name,use_nickname,0.011211460604173155
taxes_1040,WA,2039,dependent_2_first_name,use_nickname,0.011590077267181781
taxes_1040,WA,2040,dependent_2_first_name,use_nickname,0.011720723451550974
taxes_1040,WA,all,dependent_2_first_name,use_nickname,0.019237373628968213
taxes_1040,WA,2018,dependent_3_first_name,use_nickname,0.0
taxes_1040,WA,2019,dependent_3_first_name,use_nickname,0.01424
taxes_1040,WA,2020,dependent_3_first_name,use_nickname,0.013654495243939859
taxes_1040,WA,2021,dependent_3_first_name,use_nickname,0.012686236908098539
taxes_1040,WA,2022,dependent_3_first_name,use_nickname,0.011325194881600236
taxes_1040,WA,2023,dependent_3_first_name,use_nickname,0.010498320268757
taxes_1040,WA,2024,dependent_3_first_name,use_nickname,0.008084406686763497
taxes_1040,WA,2025,dependent_3_first_name,use_nickname,0.006395736175882745
taxes_1040,WA,2026,dependent_3_first_name,use_nickname,0.006800052308094677
taxes_1040,WA,2027,dependent_3_first_name,use_nickname,0.005961440892947742
taxes_1040,WA,2028,dependent_3_first_name,use_nickname,0.005880880880880881
taxes_1040,WA,2029,dependent_3_first_name,use_nickname,0.005190952910641453
taxes_1040,WA,2030,dependent_3_first_name,use_nickname,0.00444658093979089
taxes_1040,WA,2031,dependent_3_first_name,use_nickname,0.005312868949232586
taxes_1040,WA,2032,dependent_3_first_name,use_nickname,0.004174881131856663
taxes_1040,WA,2033,dependent_3_first_name,use_nickname,0.00450190465196814
taxes_1040,WA,2034,dependent_3_first_name,use_nickname,0.004665629860031105
taxes_1040,WA,2035,dependent_3_first_name,use_nickname,0.004427645788336933
taxes_1040,WA,2036,dependent_3_first_name,use_nickname,0.004667317920329968
taxes_1040,WA,2037,dependent_3_first_name,use_nickname,0.004229671143068626
taxes_1040,WA,2038,dependent_3_first_name,use_nickname,0.003737153534724385
taxes_1040,WA,2039,dependent_3_first_name,use_nickname,0.0037616917446116308
taxes_1040,WA,2040,dependent_3_first_name,use_nickname,0.0035364251793472768
taxes_1040,WA,all,dependent_3_first_name,use_nickname,0.006128055978879134
taxes_1040,WA,2018,dependent_4_first_name,use_nickname,0.0
taxes_1040,WA,2019,dependent_4_first_name,use_nickname,0.00448
taxes_1040,WA,2020,dependent_4_first_name,use_nickname,0.004295796256520405
taxes_1040,WA,2021,dependent_4_first_name,use_nickname,0.003982888331612333
taxes_1040,WA,2022,dependent_4_first_name,use_nickname,0.0025003677011325195
taxes_1040,WA,2023,dependent_4_first_name,use_nickname,0.002379619260918253
taxes_1040,WA,2024,dependent_4_first_name,use_nickname,0.0020553576322280076
taxes_1040,WA,2025,dependent_4_first_name,use_nickname,0.0010659560293137908
taxes_1040,WA,2026,dependent_4_first_name,use_nickname,0.00039231071008238524
taxes_1040,WA,2027,dependent_4_first_name,use_nickname,0.0008878741755454084
taxes_1040,WA,2028,dependent_4_first_name,use_nickname,0.0011261261261261261
taxes_1040,WA,2029,dependent_4_first_name,use_nickname,0.0023482882214806576
taxes_1040,WA,2030,dependent_4_first_name,use_nickname,0.0014421343588510995
taxes_1040,WA,2031,dependent_4_first_name,use_nickname,0.0005903187721369539
taxes_1040,WA,2032,dependent_4_first_name,use_nickname,0.0012756581236228691
taxes_1040,WA,2033,dependent_4_first_name,use_nickname,0.0016160683366039479
taxes_1040,WA,2034,dependent_4_first_name,use_nickname,0.0015552099533437014
taxes_1040,WA,2035,dependent_4_first_name,use_nickname,0.0010799136069114472
taxes_1040,WA,2036,dependent_4_first_name,use_nickname,0.0011939650493867362
taxes_1040,WA,2037,dependent_4_first_name,use_nickname,0.0013746431214973036
taxes_1040,WA,2038,dependent_4_first_name,use_nickname,0.001038098204090107
taxes_1040,WA,2039,dependent_4_first_name,use_nickname,0.0011183407889385928
taxes_1040,WA,2040,dependent_4_first_name,use_nickname,0.0009093664746892998
taxes_1040,WA,all,dependent_4_first_name,use_nickname,0.0015990899139281805
taxes_1040,WA,2018,dependent_1_ssn,copy_from_household_member,0.0
taxes_1040,WA,2019,dependent_1_ssn,copy_from_household_member,0.168
taxes_1040,WA,2020,dependent_1_ssn,copy_from_household_member,0.16400736422215403
taxes_1040,WA,2021,dependent_1_ssn,copy_from_household_member,0.16108570585632098
taxes_1040,WA,2022,dependent_1_ssn,copy_from_household_member,0.15075746433299014
taxes_1040,WA,2023,dependent_1_ssn,copy_from_household_member,0.1455767077267637
taxes_1040,WA,2024,dependent_1_ssn,copy_from_household_member,0.1449712249931488
taxes_1040,WA,2025,dependent_1_ssn,copy_from_household_member,0.13271152564956695
taxes_1040,WA,2026,dependent_1_ssn,copy_from_household_member,0.1284163724336341
taxes_1040,WA,2027,dependent_1_ssn,copy_from_household_member,0.12366818873668188
taxes_1040,WA,2028,dependent_1_ssn,copy_from_household_member,0.11699199199199199
taxes_1040,WA,2029,dependent_1_ssn,copy_from_household_member,0.11518971696947225
taxes_1040,WA,2030,dependent_1_ssn,copy_from_household_member,0.11392861434923687
taxes_1040,WA,2031,dependent_1_ssn,copy_from_household_member,0.10554899645808737
taxes_1040,WA,2032,dependent_1_ssn,copy_from_household_member,0.10240055665081758
taxes_1040,WA,2033,dependent_1_ssn,copy_from_household_member,0.10008080341683019
taxes_1040,WA,2034,dependent_1_ssn,copy_from_household_member,0.09420128860253277
taxes_1040,WA,2035,dependent_1_ssn,copy_from_household_member,0.09233261339092873
taxes_1040,WA,2036,dependent_1_ssn,copy_from_household_member,0.09063280147617497
taxes_1040,WA,2037,dependent_1_ssn,copy_from_household_member,0.08734270910436713
taxes_1040,WA,2038,dependent_1_ssn,copy_from_household_member,0.08304785632720856
taxes_1040,WA,2039,dependent_1_ssn,copy_from_household_member,0.08306222041480277
taxes_1040,WA,2040,dependent_1_ssn,copy_from_household_member,0.08032737193088815
taxes_1040,WA,all,dependent_1_ssn,copy_from_household_member,0.11012256111957758
taxes_1040,WA,2018,dependent_2_ssn,copy_from_household_member,0.0
taxes_1040,WA,2019,dependent_2_ssn,copy_from_household_member,0.08896
taxes_1040,WA,2020,dependent_2_ssn,copy_from_household_member,0.0859159251304081
taxes_1040,WA,2021,dependent_2_ssn,copy_from_household_member,0.08526331317303437
taxes_1040,WA,2022,dependent_2_ssn,copy_from_household_member,0.07604059420503015
taxes_1040,WA,2023,dependent_2_ssn,copy_from_household_member,0.06746920492721165
taxes_1040,WA,2024,dependent_2_ssn,copy_from_household_member,0.06700465881063306
taxes_1040,WA,2025,dependent_2_ssn,copy_from_household_member,0.060626249167221855
taxes_1040,WA,2026,dependent_2_ssn,copy_from_household_member,0.0557081208316987
taxes_1040,WA,2027,dependent_2_ssn,copy_from_household_member,0.04908675799086758
taxes_1040,WA,2028,dependent_2_ssn,copy_from_household_member,0.045420420420420424
taxes_1040,WA,2029,dependent_2_ssn,copy_from_household_member,0.04313434680509208
taxes_1040,WA,2030,dependent_2_ssn,copy_from_household_member,0.04146136281696911
taxes_1040,WA,2031,dependent_2_ssn,copy_from_household_member,0.03825265643447462
taxes_1040,WA,2032,dependent_2_ssn,copy_from_household_member,0.03548648962078163
taxes_1040,WA,2033,dependent_2_ssn,copy_from_household_member,0.037285005194505366
taxes_1040,WA,2034,dependent_2_ssn,copy_from_household_member,0.034992223950233284
taxes_1040,WA,2035,dependent_2_ssn,copy_from_household_member,0.03358531317494601
taxes_1040,WA,2036,dependent_2_ssn,copy_from_household_member,0.03223705633344188
taxes_1040,WA,2037,dependent_2_ssn,copy_from_household_member,0.030136406894363962
taxes_1040,WA,2038,dependent_2_ssn,copy_from_household_member,0.028236271151250908
taxes_1040,WA,2039,dependent_2_ssn,copy_from_household_member,0.027348515656771044
taxes_1040,WA,2040,dependent_2_ssn,copy_from_household_member,0.027280994240678993
taxes_1040,WA,all,dependent_2_ssn,copy_from_household_member,0.04549893751743974
taxes_1040,WA,2018,dependent_3_ssn,copy_from_household_member,0.0
taxes_1040,WA,2019,dependent_3_ssn,copy_from_household_member,0.03216
taxes_1040,WA,2020,dependent_3_ssn,copy_from_household_member,0.03129794415464866
taxes_1040,WA,2021,dependent_3_ssn,copy_from_household_member,0.03186310665289866
taxes_1040,WA,2022,dependent_3_ssn,copy_from_household_member,0.0279452860714811
taxes_1040,WA,2023,dependent_3_ssn,copy_from_household_member,0.02547592385218365
taxes_1040,WA,2024,dependent_3_ssn,copy_from_household_member,0.023020005480953686
taxes_1040,WA,2025,dependent_3_ssn,copy_from_household_member,0.020919387075283145
taxes_1040,WA,2026,dependent_3_ssn,copy_from_household_member,0.020138616450895777
taxes_1040,WA,2027,dependent_3_ssn,copy_from_household_member,0.01763064434297311
taxes_1040,WA,2028,dependent_3_ssn,copy_from_household_member,0.016016016016016016
taxes_1040,WA,2029,dependent_3_ssn,copy_from_household_member,0.014707699913484118
taxes_1040,WA,2030,dependent_3_ssn,copy_from_household_member,0.01321956495613508
taxes_1040,WA,2031,dependent_3_ssn,copy_from_household_member,0.011806375442739079
taxes_1040,WA,2032,dependent_3_ssn,copy_from_household_member,0.010901078510959063
taxes_1040,WA,2033,dependent_3_ssn,copy_from_household_member,0.010619877640540228
taxes_1040,WA,2034,dependent_3_ssn,copy_from_household_member,0.009220173294823372
taxes_1040,WA,2035,dependent_3_ssn,copy_from_household_member,0.0091792656587473
taxes_1040,WA,2036,dependent_3_ssn,copy_from_household_member,0.009443178117876913
taxes_1040,WA,2037,dependent_3_ssn,copy_from_household_member,0.007930633393253674
taxes_1040,WA,2038,dependent_3_ssn,copy_from_household_member,0.008616215093947888
taxes_1040,WA,2039,dependent_3_ssn,copy_from_household_member,0.0077267181781211875
taxes_1040,WA,2040,dependent_3_ssn,copy_from_household_member,0.007982216833383854
taxes_1040,WA,all,dependent_3_ssn,copy_from_household_member,0.015143059520487669
taxes_1040,WA,2018,dependent_4_ssn,copy_from_household_member,0.0
taxes_1040,WA,2019,dependent_4_ssn,copy_from_household_member,0.00912
taxes_1040,WA,2020,dependent_4_ssn,copy_from_household_member,0.009358698987419454
taxes_1040,WA,2021,dependent_4_ssn,copy_from_household_member,0.009145891724443134
taxes_1040,WA,2022,dependent_4_ssn,copy_from_household_member,0.008971907633475511
taxes_1040,WA,2023,dependent_4_ssn,copy_from_household_member,0.006159014557670772
taxes_1040,WA,2024,dependent_4_ssn,copy_from_household_member,0.006440120580981091
taxes_1040,WA,2025,dependent_4_ssn,copy_from_household_member,0.006262491672218521
taxes_1040,WA,2026,dependent_4_ssn,copy_from_household_member,0.0051000392310710085
taxes_1040,WA,2027,dependent_4_ssn,copy_from_household_member,0.00380517503805175
taxes_1040,WA,2028,dependent_4_ssn,copy_from_household_member,0.004004004004004004
taxes_1040,WA,2029,dependent_4_ssn,copy_from_household_member,0.0045729823260412805
taxes_1040,WA,2030,dependent_4_ssn,copy_from_household_member,0.0034851580338901575
taxes_1040,WA,2031,dependent_4_ssn,copy_from_household_member,0.0023612750885478157
taxes_1040,WA,2032,dependent_4_ssn,copy_from_household_member,0.00266728516757509
taxes_1040,WA,2033,dependent_4_ssn,copy_from_household_member,0.003116703220593328
taxes_1040,WA,2034,dependent_4_ssn,copy_from_household_member,0.002777160630970895
taxes_1040,WA,2035,dependent_4_ssn,copy_from_household_member,0.0020518358531317494
taxes_1040,WA,2036,dependent_4_ssn,copy_from_household_member,0.002822099207641376
taxes_1040,WA,2037,dependent_4_ssn,copy_from_household_member,0.0022205773501110288
taxes_1040,WA,2038,dependent_4_ssn,copy_from_household_member,0.002491435689816257
taxes_1040,WA,2039,dependent_4_ssn,copy_from_household_member,0.0022366815778771857
taxes_1040,WA,2040,dependent_4_ssn,copy_from_household_member,0.0025260179852480548
taxes_1040,WA,all,dependent_4_ssn,copy_from_household_member,0.004174805211530619
